CREATE TABLE emp (
    empno    NUMERIC(4) NOT NULL,
    ename    VARCHAR(10),
    job      VARCHAR(9),
    mgr      NUMERIC(4),
    hiredate DATE,
    sal      NUMERIC(7, 2),
    comm     NUMERIC(7, 2),
    deptno   NUMERIC(2)
);

INSERT INTO emp
VALUES (7369, 'SMITH', 'CLERK', 7902, TO_DATE('17-DEC-1980', 'DD-MON-YYYY'), 800, NULL, 20),
       (7499, 'ALLEN', 'SALESMAN', 7698, TO_DATE('20-FEB-1981', 'DD-MON-YYYY'), 1600, 300, 30),
       (7521, 'WARD', 'SALESMAN', 7698, TO_DATE('22-FEB-1981', 'DD-MON-YYYY'), 1250, 500, 30),
       (7566, 'JONES', 'MANAGER', 7839, TO_DATE('2-APR-1981', 'DD-MON-YYYY'), 2975, NULL, 20),
       (7654, 'MARTIN', 'SALESMAN', 7698, TO_DATE('28-SEP-1981', 'DD-MON-YYYY'), 1250, 1400, 30),
       (7698, 'BLAKE', 'MANAGER', 7839, TO_DATE('1-MAY-1981', 'DD-MON-YYYY'), 2850, NULL, 30),
       (7782, 'CLARK', 'MANAGER', 7839, TO_DATE('9-JUN-1981', 'DD-MON-YYYY'), 2450, NULL, 10),
       (7788, 'SCOTT', 'ANALYST', 7566, TO_DATE('9-DEC-1982', 'DD-MON-YYYY'), 3000, NULL, 20),
       (7839, 'KING', 'PRESIDENT', NULL, TO_DATE('17-NOV-1981', 'DD-MON-YYYY'), 5000, NULL, 10),
       (7844, 'TURNER', 'SALESMAN', 7698, TO_DATE('8-SEP-1981', 'DD-MON-YYYY'), 1500, 0, 30),
       (7876, 'ADAMS', 'CLERK', 7788, TO_DATE('12-JAN-1983', 'DD-MON-YYYY'), 1100, NULL, 20),
       (7900, 'JAMES', 'CLERK', 7698, TO_DATE('3-DEC-1981', 'DD-MON-YYYY'), 950, NULL, 30),
       (7902, 'FORD', 'ANALYST', 7566, TO_DATE('3-DEC-1981', 'DD-MON-YYYY'), 3000, NULL, 20),
       (7934, 'MILLER', 'CLERK', 7782, TO_DATE('23-JAN-1982', 'DD-MON-YYYY'), 1300, NULL, 10);

CREATE TABLE dept (
    deptno NUMERIC(2),
    dname  VARCHAR(14),
    loc    VARCHAR(13)
);

INSERT INTO dept
VALUES (10, 'ACCOUNTING', 'NEW YORK'),
       (20, 'RESEARCH', 'DELLAS'),
       (30, 'SALES', 'CHICAGO'),
       (40, 'OPERATIONS', 'BOSTON');

CREATE TABLE bonus (
    ename VARCHAR(10),
    job   VARCHAR(9),
    sal   NUMERIC,
    comm  NUMERIC
);

CREATE TABLE salgrade (
    grade NUMERIC,
    losal NUMERIC,
    hisal NUMERIC
);

INSERT INTO salgrade
VALUES (1, 700, 1200),
       (2, 1201, 1400),
       (3, 1401, 2000),
       (4, 2001, 3000),
       (5, 3001, 9999);
